temperature,humidity,wind_speed,pressure,will_rain
29.967141530112325,87.98710873172004,6.624108625128092,917.6096221061305,1
23.617356988288154,78.49267365825537,9.277406646422412,969.9807494610249,1
31.476885381006923,61.19260739840348,6.037900395000194,992.3197233289178,1
40.23029856408025,47.061264445888526,8.460192351804798,1107.3843828670094,0
22.65846625276664,73.9644662722718,0.5319266652310717,1040.8276562266878,0
22.658630430508193,67.86970770843499,11.066468536864694,946.2259215450055,0
40.79212815507391,77.90386440055464,10.00602737681112,1037.301814470882,0
32.67434729152909,72.70343603363939,5.914556844659047,935.6348005530817,1
20.305256140650478,80.9910543063867,13.296228342162026,1067.1345526943537,0
30.425600435859646,49.29529576878864,14.687850688132793,989.443767409106,0
20.365823071875376,86.34788131268651,1.9622006781551293,1008.3181905630414,1
20.34270246429743,63.95199209384799,6.186376107168929,1079.2898323771096,0
27.419622715660342,101.5052174525053,6.15428825106351,948.6418215707876,1
5.867197553422021,46.216243638208645,5.300484494455677,943.1440907443505,1
7.750821674869672,94.71927606330499,14.147374209658743,983.8200336826998,1
19.377124707590273,63.95821566925296,9.030869306135983,1064.9189425509658,0
14.871688796655762,46.97163992771103,8.677425793446947,937.0326962261579,1
28.14247332595274,50.32228331891357,-0.019311822033767356,871.3922200944716,0
15.919759244787889,53.5930538361136,13.177090151046132,990.4420570795501,0
10.876962986647083,68.48331892803833,3.803708025732637,1040.587039995546,0
39.65648768921554,70.45670976071,10.299663151331641,1073.0130874869415,1
22.742236995134643,48.52599992122842,11.38688468979096,989.84193189573,0
25.67528204687924,59.51290815478034,16.803292979193255,992.4286696441999,0
10.752518137865433,102.84540717223727,3.45589800440444,1070.6950367127874,0
19.556172754748175,94.55086340201423,-5.097560779104127,919.5129150152289,0
26.10922589709866,68.72647339348065,10.919247723768475,993.5739612408495,0
13.490064225776973,60.760069563364006,19.002555907554267,1022.5211944962529,0
28.75698018345672,62.40062653436522,16.19473176469719,1035.4609360642517,0
18.99361310081195,72.27035945460834,11.048297076373128,987.5096653404559,1
22.083062502067232,39.54414869603189,7.541819071839763,1014.7220505852921,0
18.98293387770603,54.852469251533094,14.035612983186551,888.5836323293505,1
43.522781845089376,26.628318522448204,5.132269001477657,980.0875793833076,0
24.865027752620662,67.98446245210559,12.381788846781095,1035.6754356277233,0
14.422890710441001,72.94391879405482,12.527350795833133,963.885298287266,1
33.22544912103189,50.336270754012524,15.301049537494398,1015.9492110794798,0
12.791563500289778,91.47973526580066,23.798300194555388,1035.3436250401348,1
27.088635950047554,35.484686739953176,11.962079835893835,995.8725399571117,1
5.403298761202244,30.7125023958036,7.455181871462506,1021.5231885498285,1
11.718139511015695,64.48903637119943,9.872128439040027,964.8633717357694,1
26.968612358691235,80.94196605224309,1.1546204755544087,1002.6694360151977,1
32.38466579995411,93.67855382915738,6.526434344554709,1043.510808479461,0
26.713682811899705,50.8223147426212,7.95358780943448,1020.8486480484218,0
23.843517176117594,81.57361666862592,7.379558010327037,983.6734365218032,1
21.988963044107113,59.229830609985854,10.76177436016861,1024.2108202145396,0
10.214780096325725,56.54745400118361,5.887900338088997,1048.730489531831,0
17.801557916052914,77.67319874973344,15.605153336622358,910.5029360711261,1
20.393612290402125,73.0464575682684,10.001035324590987,1070.953703247795,1
35.57122226218916,28.47215686031501,9.953498394306868,996.1872630659464,0
28.436182895684613,89.53080699451792,8.36052641743541,1034.2744966620114,0
7.3695984463726605,87.60182708294903,10.775953419294895,1072.8623461822615,1
28.24083969394795,47.488745969809415,14.125491323338172,944.4163151384766,0
21.149177195836835,67.91607066874818,5.664348921445499,977.5279498786226,0
18.230779996940413,69.88060372565478,6.709417554623717,998.5725652062148,1
31.11676288840868,65.21347531647814,8.481369856116677,973.8123239437786,0
35.30999522495951,48.9938969230916,3.2706453826339255,1099.7468287918405,0
34.31280119116199,46.56753264123897,5.903710701392511,970.1613953086604,0
16.607824767773614,59.488918580171095,7.618895632276706,985.2226610256566,0
21.907876241487855,83.4545803851873,14.371945903563637,1023.2194515801489,1
28.31263431403564,70.87200309188864,11.312806645009626,952.8925236961956,1
34.75545127122359,52.58771335827788,10.967949556837723,993.2159644121868,0
20.2082576215471,75.43397421296689,14.25448981083986,1028.8726630625088,0
23.14341023336183,3.0291475873984908,9.313141058003017,996.3569797808744,0
13.936650259939718,82.97531400744207,11.952324249644448,1008.3306570550026,1
13.037933759193292,25.205724424438007,9.483891235337518,986.5333943775814,0
33.125258223941984,52.751181171937354,11.326811746998143,937.2764845409616,0
38.56240028570823,37.60660210747712,7.08620671194209,1029.0796605669618,0
24.27989878419666,34.10637048558189,-2.1940857913821454,1100.7466535823621,0
35.03532897892024,83.21653574757039,9.328604189068479,1013.9200815391719,1
28.61636025047634,50.64597597376217,17.1137406804997,1024.2632058623774,0
18.548802453948756,66.93007763461432,14.63107701120796,1047.636137755843,0
28.613956055084138,59.06158842241632,14.826987422955854,949.533475172665,0
40.38036566465969,69.54081654446243,16.18065360903109,1098.1257329064804,0
24.641739608900483,61.536437821205105,10.443287954807188,1023.1164398211401,0
40.64643655814006,34.340155516228606,10.986578537027981,1094.5928449544554,0
-1.1974510408974437,79.9253363889428,6.911740522828249,976.3483502238005,1
33.21902504375224,50.12486833677375,8.41963571986475,1103.9030961278913,0
25.870470682381715,28.86836202680498,13.078855748855707,1051.7577747017392,0
22.009926495341322,51.43769678068175,16.019422185844082,1040.652004292618,0
25.917607765355022,90.01519581268622,9.302768621595002,1024.7012227176574,0
5.124310853991072,77.00443484226986,7.7490536757429425,1000.5735690962775,0
22.80328112162488,53.026957311842814,10.002639794282986,1073.0265829236937,0
28.571125715117464,53.014845913631426,13.006033744645576,1020.0179934924023,0
39.77894044741516,53.56729897565235,2.7807259193322906,914.6465148206423,0
19.817297817263526,101.53495967121682,-1.4809047656861907,957.1406769146498,1
16.915063971068125,67.63870904463107,7.247315752542082,1003.7077123903626,0
19.982429564154636,68.60083294382139,3.8964378704292066,1028.4999491582778,0
34.15402117702074,80.60566908063684,7.459299011763446,1010.1705755550053,0
28.287511096596845,64.77578318053027,9.261098405912643,1073.948539489683,0
19.702397962329613,54.819157083585935,7.733757954884933,915.4449067980688,1
30.13267433113356,56.07300301830043,17.262337672353727,1020.179396825258,0
25.970775493480403,58.56797481171872,11.6337238230116,922.1010387306422,0
34.68644990532889,59.25555526980317,11.502371798054142,1050.9856147742084,0
17.979469061226474,74.5525908727396,13.111035720217009,1008.2770642778999,0
21.723378534022316,61.03891771614599,4.305834411096154,1033.980498601206,0
21.078918468678424,74.65280154431159,15.195558937101342,969.8058519705116,1
10.364850518678814,58.385668397828354,9.621178567322701,1076.9732465828877,0
27.96120277064576,61.57270380632181,13.352403086206063,1065.0862332029426,0
27.610552721798893,20.035986309357845,4.6407138347992225,1042.1772151505943,0
25.051134566424608,78.32655349404963,2.2312061699196786,1006.524137656828,0
22.654128666248525,66.92976951795985,14.089448290125143,1041.9928642647567,0
10.846292579495858,79.96020219719304,11.882047630487582,977.6553716006325,1
20.79354677234641,2.0748924361262144,5.489742228212448,1055.7777829510355,0
21.572854834732304,101.76749409561455,5.651684593626528,1095.474044716196,0
16.97722730778381,57.20820743689652,15.627173922073847,1066.5305279989593,1
23.38714288333991,82.16365633475033,4.05294053566336,976.5198765096295,0
29.040508568145384,39.201881457489385,18.213364766279817,1031.0708658636552,0
43.8618590121053,72.2554781012514,5.496896326760656,948.3429228120676,1
26.74577812831839,38.93168873652688,13.191959628041914,1041.6195155587839,0
27.575503907227638,47.5246207860839,8.356907621255077,1035.530170643127,0
24.25554084233833,98.28062707733572,13.015937155411715,919.5091830233918,0
5.812287847009586,56.186351984733065,7.279429989429037,954.9108078043818,0
24.73486124550783,64.34865746359446,9.18603546963853,998.8430551628117,1
25.602302099410263,77.40135461377508,10.204595876978606,997.9570126429587,0
49.63242112485286,69.91363775945209,4.989062721092637,952.5261532290598,1
23.076390352188774,63.008378102871525,13.704121727100627,1032.4489364676092,0
28.015473423336125,67.2992200493245,7.433932167642075,1025.5736804470257,0
24.652882302947567,108.0683117047655,8.857000423299906,1003.286543401074,1
13.31321962380468,58.84762405932829,5.028253126957439,975.2104249920818,0
36.42822814515021,64.02198093429935,-2.8116682939765525,1065.435356320828,0
32.51933032686774,81.01308792015224,9.044861186999155,1095.7703556544147,1
32.910319470430466,82.11051865915968,22.06307710806458,988.8219258076731,1
15.90612545205261,83.7406061112076,13.92302143949012,982.391654142259,0
39.02794310936099,72.77460444058369,9.903698101328027,1037.5603832706,0
10.981489372077192,37.13990174539033,8.685545853958661,995.0985310126507,1
30.8685709380027,92.66863064602192,10.112329464060231,1006.0301399668383,1
46.90455625809979,37.07309213962624,12.735595575876049,1049.9826575862335,0
15.094636748693116,66.05270930478066,4.095935923455776,917.5321956246354,0
19.33702270397228,44.914482999612844,15.57160847334436,1078.9151162426335,0
25.996513650876413,58.717233068140146,13.57690657720622,1016.6340262164671,0
19.965243458838007,66.57524820606962,13.590928628539672,992.425342771891,1
9.493365689338674,66.42714430900546,12.192378694048637,1008.5382922889276,0
25.685629748060272,68.4384150847057,10.09808328846995,1011.121467751026,0
14.376962862738951,92.27422538117294,13.364306179834099,926.4399348277537,0
29.735924306351816,69.0706860302796,12.95907066870689,1087.7469113726618,0
15.805757657661966,55.116867294187024,8.22979644529488,1015.0662816135309,1
40.499344050175395,79.28174336576716,7.131991135515495,1035.1501065223688,0
17.167467076637628,83.78940977849281,10.509281476309933,1060.5774885287021,1
21.779384837943244,35.447843697260154,17.745100757475935,961.9418771219849,0
33.135172173696695,71.94800139699716,3.804464621730496,1036.6735949517615,1
12.691356835660448,74.02345484621797,2.6623736712378,999.6179454550603,1
27.274599346041295,54.04872993280016,10.823804206182583,1055.3385387608246,0
38.07142754282428,87.5141362662324,10.25443850928009,906.6386289824252,0
8.925167654387725,56.99888825934946,10.866708321852041,1008.0452849879365,0
26.846338585323043,62.51152906943085,11.219765989542502,982.8589672108019,0
27.598827942484235,56.53856351432261,8.883988726825974,1034.6131475317077,0
32.8182287177731,60.31158095162935,17.449317193010412,1036.5022093684101,0
12.63049289121918,38.074498262095965,1.9954801076174222,977.6187052588987,0
11.795433869157236,31.198982348114114,5.85751487609877,977.3913067911978,0
30.219415656168977,91.89010126449945,9.483726199254763,1007.4667315721335,0
27.96984673233186,43.060773033633446,1.7840559442291648,968.1678886342396,0
27.504928503458768,40.172153010873856,9.120727977839644,1055.0991847726063,0
28.46448209496976,16.932197727925704,18.30735082864009,994.5396399776276,0
18.199752784215093,47.220765046209955,10.104432441479808,867.650589033918,0
27.322536971610035,33.53820413185003,11.153504528593418,994.2588971689097,0
27.930724732986814,92.84030320272738,3.699176174137099,961.0728089578014,1
17.85648581973632,80.19634178685268,6.918192959802613,931.4362092269528,0
43.65774511144757,46.236993096445524,8.124018098380315,951.1286680888713,0
29.738329209117875,105.04871610688618,8.41142451621883,1018.4704235916485,0
13.086965027973514,79.63530973983188,16.408218975018844,1079.4320414124115,1
31.565536086338298,53.50337232982755,12.788455303625623,1028.659223693249,0
15.253183297726785,10.011885702528547,4.44271021531484,982.674830589213,1
32.87084603742452,105.81885145181482,11.232523892160025,1035.795209758535,0
36.58595579007404,32.20855066472808,12.491108742483926,990.0454844890504,0
16.793176816482895,27.092025060862163,15.700745192606332,978.2699815418428,1
34.63376129244322,80.45140864019281,17.902703432841868,955.2818665883508,1
29.127809269364985,108.79504812678546,4.924529040860657,925.4085596624141,0
33.2206015999449,87.68545637021036,5.945712443948309,993.5038146720277,1
43.967929826539475,71.27818240104719,3.7121107054269187,1020.9026744960066,0
22.546118839971296,71.89508683330573,8.829900704465095,1008.1688164992555,1
17.462638356425103,77.06831117560615,12.33179187223167,992.2016536026321,1
16.104855703744768,75.17857179573531,14.936672582945508,965.712696965161,1
16.841897150345616,65.62382847938751,9.620244881787386,1043.4123095842485,1
24.22898290585896,62.084022079037524,8.40076238372578,947.1434040026708,1
28.411519748166434,58.74813744200955,10.758789961243702,1051.8013956921739,0
27.76690799330019,44.92070822266648,5.824285491849885,962.8891490536638,1
33.27183249036024,54.38649846266452,20.447693608473866,975.3782381323482,1
25.13001891877907,26.14086371609229,1.9616948644097065,939.6607404692162,0
39.53534077157317,58.033207464105004,10.923702894478621,987.9298926557182,0
22.353431667620438,40.228177856981645,20.118031096148197,1061.765622923899,0
52.20169166589619,37.92821365568458,10.03399922279999,1038.7814044221977,0
31.25667347765006,63.59788302306957,9.049804824992528,1061.9211056014017,0
16.428424435837176,87.84004572689199,8.212772885947864,1039.1071272966967,0
14.291075019388877,78.36633212004627,9.098041591187961,957.8165085734815,0
29.824724152431852,28.589987927536452,16.864242373382652,996.4605387836222,0
22.76537214674149,40.207437268593246,-1.0593095566475341,973.9900435441268,0
32.14000494092092,78.81542375976431,17.667168506481627,1079.528745201952,1
29.73237624573545,40.35025212923381,2.8802142377492745,953.1605676786844,0
24.27171087343127,55.50733700005951,8.666738353827926,1057.6848844694555,0
16.53206281931595,71.00104198049104,7.85377789850669,1057.6476935054384,0
9.851527753141355,40.633110902727296,12.9427663488536,1104.4810100858044,1
20.53485047932979,62.1075101229192,2.0093782405812624,992.5156703685251,0
33.56398794323472,33.319490101635914,12.310863330409715,1048.6161079790081,0
27.14093744130204,47.97264712097572,20.121548116434262,1127.0825918269422,1
12.542612212880119,66.39563868285074,3.1841299770359477,982.1179161533152,1
26.73180925851182,28.140125329366615,10.948530838051978,936.247987623382,0
28.853173797288367,68.80949475920798,6.690089111016954,918.9994983046118,0
16.16142563798867,59.60724402146638,12.129436030965179,1048.6356014430667,1
26.53725105945528,71.04979908834297,10.09573888707876,918.8424895970708,1
25.58208718446,64.47828268129322,6.792565454778452,994.3840473531038,0
13.570297021693769,87.28280859947688,12.43936142435537,1034.8656593519481,0
28.577873603482832,62.50449005295815,19.021740548933714,1022.2587768414957,0
30.607845263682343,51.41188917749494,9.045481041363507,1034.2722432092087,0
35.83051243175277,62.44595006064568,13.59878971074091,1024.1144927900427,0
35.53802052034903,70.86596058072776,3.5336352106441815,1076.9432906656696,0
11.223306320429089,60.977201406514084,5.217818115909957,965.3841809630602,0
15.621749600848773,60.811833824077645,12.362031389401887,979.1502430770735,0
30.150352672086598,45.96016624386489,17.420580142679825,974.3670277364588,1
30.137859509122087,46.74198164898103,11.7780667439283,1054.5095905931305,0
30.15047686306048,31.94789456400613,8.434709847384228,1058.0199294197532,0
63.527314906547204,94.99153486373879,9.99645702711677,1035.5612659659255,0
30.70890510693167,35.1227352921743,3.7479613301514125,1072.1746833444963,0
36.35565640180599,46.141896044081854,13.022576631776834,954.097956631181,1
34.54001763493202,45.63185468861605,14.411665311617046,1096.3612055775568,0
31.51391251305798,77.89848753888883,7.7395483358345984,1089.1619310856129,1
21.847307553596544,54.101006434159444,7.649789261202493,1049.7810998622874,0
32.589692204932675,84.95484145347467,11.329391148260243,1102.089945438553,0
17.27174785462428,46.53018751512263,7.816401319797023,930.1688396161113,0
22.63181393259991,65.57988324447604,9.669336926870887,986.7775931868674,1
20.146364521708964,43.293058934804854,20.498608945832576,976.2348269659024,0
25.818741393863224,102.90298255546776,8.764871496270016,1049.0739661878672,0
48.146585666735085,36.248031619409744,8.208299239893888,960.4929630198927,0
6.327348074082517,66.19641420454055,6.7622909718242035,1050.8747574668744,0
31.862601903745137,72.67553761864197,13.720959857499684,1081.5268071998357,1
8.872841288103482,68.27598194902997,9.093879133909486,1047.7601450042,0
20.280681342105666,56.294246822445835,6.75313480839287,1027.1875511830751,0
35.889505969673664,57.403586005331476,16.60652016136506,963.6063329549626,1
25.642800190954627,60.87622943958219,17.098015022568188,970.6574516937318,0
14.22255222070694,57.05995996743023,6.9978821713064745,1075.4809452648333,0
17.846962907400318,79.27758233589819,0.6673002431969188,1051.9674501952666,1
31.795977489346757,104.21046003182703,15.037568449184612,1011.0490240311228,0
17.696333682828634,48.85016429984333,6.57685087119998,992.1045227117055,1
27.164585895819748,32.60394040841844,13.953127995813844,911.7096063444311,1
25.455718399038137,58.2343590329749,0.14948091144082132,959.457379065778,0
18.48399652394183,111.59418675308636,14.462986691496546,1108.5709543569862,1
46.439440893253256,43.926508640605384,3.9441403535960937,948.9772214498767,0
31.33919022318011,92.78233610888135,13.653820595332622,1022.473991061054,0
4.748574133423928,93.55401628152882,10.07136533918217,1063.37219865976,1
26.864543147694278,48.92823516584011,5.230302903016775,950.2538665998853,1
18.38213535231612,71.37966158370551,7.964818435366097,1022.2355237390542,0
33.52433334796224,92.56793246257077,13.431592284783504,1059.8957768755326,0
17.074792615672994,52.41744518025026,10.529472265576171,1013.6249660953625,1
23.85263558533101,55.92839279795277,12.922064902362422,1156.4201527833384,0
30.04987278980457,48.366381721027125,19.882202922577427,929.5700370560902,1
33.657551941701215,39.704865386142664,2.178791941444743,1065.936426494194,0
12.997035929442237,47.01444909867986,18.08606287484312,1004.3599131301768,0
21.654987641590516,35.52119466475487,10.521779687616064,1051.5960077418338,0
20.25054688839044,60.68166936518452,5.5060797583843595,1035.0653575849624,0
18.46670767426288,44.60053537882717,3.348431871305051,976.3421901445001,1
42.65454240281097,64.67571823581495,9.054398046114832,1024.449819622967,0
29.049817109609556,28.882087075927455,14.608250559622297,920.1049274300857,0
12.391160456649548,66.61760464428914,9.362254398112329,1043.1623750285696,0
34.17861947054776,76.6705792321785,17.55577465123674,1027.9079232995264,1
46.22156197012633,20.12528714857089,2.7441215497422053,1044.933008432155,0
35.32465260551147,67.48113139695144,9.939555260769728,1065.9059162543574,0
9.806300340459867,84.55337984946584,3.7380327779344045,1031.3809920104854,0
20.157659271337486,35.807179626175895,11.818159413124839,1020.4044709899138,0
37.669111491866225,93.45144773675406,14.434436950486502,968.9465831669354,1
17.923305343812192,68.38038018732091,7.896191031594734,977.3889618175474,1
29.438194281462284,45.89976288483182,-3.021069283135671,1072.3367310088665,0
32.74634053429337,58.88461844684588,10.994740733982473,1084.8167702852988,0
15.73069528421917,71.16653825043444,12.183692758667547,1001.0944781843973,0
24.404746439382,61.52010782824823,12.021473774808488,1015.3001373626637,0
-7.412673400690726,70.77511984892739,16.17891095911077,967.7692812503117,1
14.756123586657102,41.586528138412675,4.6447316017547555,1071.6378422633722,1
22.474318486068398,63.38721648072156,13.401080527252248,1046.270841184589,0
12.522168180351505,31.725710061900397,15.962537562389874,1110.0608718231874,0
41.32411303931635,57.775478773025995,1.1070620799674158,969.083846141013,1
10.698586220393674,41.921847170704204,11.598259129594886,994.0996050490892,0
20.59955513303016,45.28940114820467,7.479100844961643,1024.5722961262786,0
26.307405772860914,84.72186350420874,9.59238663449177,1045.3244768862885,1
39.412732890661154,81.82620241188538,11.738382417691682,1002.2166181226183,0
10.641378488205607,72.18276241814354,7.5638571794322385,969.351945477315,1
36.63163752154959,38.15374470654842,6.621459604191941,1057.0703764461784,0
25.10233061019587,53.671831006103965,10.170762087440123,1049.0567681272792,0
15.18491348952049,84.26195399958367,4.563770305685988,967.1862949718137,1
29.62103474263271,62.83433827279809,4.570874355574073,1080.7721400552748,0
26.990596955734702,106.38659079963388,13.396866414782517,1071.50993545983,0
18.997831228412053,67.86635678788744,4.25602982420672,1019.7148248623896,0
25.69802084990019,63.84098232980063,13.33156250454606,1016.9798931188018,0
21.1468640313824,53.81767071594997,12.312956464269757,1040.7028885557954,0
26.13517345251248,62.670818095645636,1.3709663560470164,969.9148464871871,0
31.621306745210465,56.95060327238913,6.6121767383217245,1014.5015739582041,0
40.86016816145352,74.1621735337718,15.970547015236862,905.3808227695409,1
12.621845011731509,79.13404633589168,5.094172344301592,1056.8227822751467,0
46.330333746562665,44.28021078984101,7.677978688453062,934.925338877907,0
5.479122004774981,33.37534092884444,12.310304466259483,1088.17099142145,1
23.482149049644168,23.27589253793407,13.916952546412977,996.4939953016775,1
30.883172064845763,70.15982653825087,8.742305569777521,1002.4166509034411,0
27.80991867735033,37.93266787652253,7.012449026541792,981.6133046957747,0
18.773004801794063,16.942188140950343,17.111849308492538,998.5980563038962,1
22.918777496427246,67.77157209061929,18.694498318987893,1083.9265672574018,0
20.06999065341167,109.85999034865581,14.894290253908977,888.609567173246,0
19.106352430557884,59.878581769202135,10.42659071282512,1076.8482693044093,0
33.49602097021025,76.76981548903284,5.958671391795368,1029.9011740550854,1
28.570154859650472,61.6365871709513,5.847777967217174,952.6489176071392,0
18.07090404739346,58.02220693617715,12.612570526328787,959.2343803475381,0
33.995998754332504,78.38152965975537,12.09199110444342,1096.8196513604103,1
28.072995208766095,54.194509116226975,17.007992964732146,965.7246560028634,0
33.1286211883896,65.34784628143805,13.252250462680696,955.332474470202,0
31.296288419236124,66.43395612392027,2.484598491200909,1069.8657271182365,0
16.710049890779274,46.63819092713902,15.259738088614593,1029.9276438142956,0
19.398189598030303,79.84084699073045,5.009696863427935,966.10372117318,1
32.472936051232615,56.500804866091826,8.080143640238242,1023.8312487702309,0
31.103702654334647,44.885096810143104,11.251001031258472,961.7123658179861,1
24.790984060358518,70.73019687140807,19.97833744891982,1068.0410699211302,1
26.17327383308782,42.030640364179256,25.549592780026803,1066.0685482436568,0
37.77664895788425,60.563623147382565,13.033615295680914,1039.600309941097,0
19.0842861116417,59.81762006711593,9.08401690639806,1031.083053062351,0
30.470973811700375,81.71791131663156,12.672528242402752,1101.0594062433686,0
22.97807347566106,69.49396465759905,14.43827712936918,1012.9843163694113,0
22.823187967727797,59.499460825097124,8.396661872214041,953.9062937289599,0
35.987768519871906,76.35532598400574,18.97605677956161,1035.4736956416154,0
33.2541634898803,87.80415098034626,11.15035379595701,1117.3023524768557,0
33.135096360006386,71.15620612703725,12.488715445456972,962.2620253407074,1
38.05478807154329,60.20705239686761,13.329621260272306,994.9268616653007,0
25.210038416327592,33.76327535299681,12.107933053072278,1033.8223019050727,0
31.819529712949638,38.69772673849255,14.194702502348061,1010.304757549713,0
21.89733243406544,53.89550591290665,6.913734067265383,963.8848209811342,1
28.24166352488442,47.809755956814335,7.208491230269847,1069.0928928115236,0
23.698569456323153,56.26057394029108,4.499228835141525,1129.002036100863,0
25.969959649927183,61.13299849794215,12.197506153101132,1022.8065729511953,0
30.951570254369138,70.59385508713461,13.89468251756057,967.7965855132,1
16.817793167665275,58.590024438818176,12.288864330759429,935.5519737473262,1
45.9238727568546,69.73003287652404,18.372462166737687,1025.898799061059,0
14.93982618500298,61.28948829620241,9.972019905854767,1068.193867165813,0
12.85811387212268,20.490668672922574,13.343708277962563,1036.758387324769,0
36.581108735000676,41.21329212362491,4.541495619303428,1012.8798079540574,0
32.91662693962936,57.11824888556769,8.064501487627995,983.5364174105347,1
31.24119817052155,35.806105143177845,13.477688787828887,958.3918183640956,0
31.2834550926428,71.99857459992408,14.24551055371572,1054.737566316244,1
24.877532271530853,90.61501664687395,8.53016526167909,1058.6885810692793,1
16.027456285141685,84.37523703394633,9.642003740709665,935.7135106654633,1
25.758045581937264,55.73114258139584,2.410631266595953,1092.4919489090341,0
18.228382884878883,89.81452273699904,8.214853995966953,1041.7035610447,1
34.75119733417751,62.97334914404223,14.45191581759893,1082.9797322572897,0
23.529426184978615,53.258280577639205,12.87602508053283,945.8936125757442,0
16.745028032074885,47.7319467291812,12.503328606906049,944.708792229228,0
21.786141583470066,53.95060627023744,10.2488684359048,1005.5515345116352,0
29.129314542756244,52.236463629175425,10.035315793140882,1038.1392213447598,0
19.36275447196025,63.408324447509756,6.698394302632765,1102.8180411463482,0
16.777796044335684,63.211479620997295,13.494142101012674,1048.3039456907566,0
27.436872114919122,60.06092040306829,12.10486472194695,1000.8659361593983,0
27.449665711087228,68.73876339492699,12.460094239963997,961.6815396167054,0
19.9305682462887,83.81292549572683,7.369825786662098,1074.5000286359575,0
20.28961694381677,78.99108270882647,-0.7667145993562219,964.7647287124643,1
27.320499373576364,30.30204063100193,15.485763558768479,1094.423427738616,0
10.519156585026758,8.921577301960903,7.605812719957979,998.7807675196746,0
10.925362256234447,78.68639822478548,5.686121179784397,1092.5291036308925,0
17.81555778747564,32.66242603169158,13.467394559569968,1046.9465645029638,0
22.865528482881526,55.50469196214633,8.039936800404352,1006.1502255278771,0
28.109075655980046,36.59773947881281,15.299681920233109,987.0301814086937,1
39.75356216949552,23.960391248399606,13.085029747883487,995.954606132696,0
33.576596232020194,70.82925456409576,13.417846616002388,1034.415834618762,0
23.40061470036573,75.18310320605293,3.1702214439973284,1016.8578248108859,0
24.809837920973113,48.46979198546561,16.059719926932,983.3094295965648,1
14.974706353621912,8.179154157101802,11.30625265616928,1004.7184294841184,0
24.8148686400761,49.075111034950346,8.153614303768984,1016.9288514859575,0
22.11341361079862,67.83608010805094,10.716942336711256,906.5632952792594,1
28.227185603380896,30.42176862451743,1.1188238355084001,1035.908405739435,0
16.72769056447677,63.667198395583114,12.043264057403354,964.0139387641597,0
30.19346514241172,59.69380301654009,4.853142459089642,955.3333798397127,0
40.32738913002578,71.58582999202177,3.236648570782328,928.6327826444644,1
23.912398515431423,62.39160736828307,2.3882040689105444,923.3053751066055,0
29.017117220989416,40.53862118236889,15.563441874949627,945.2276248443856,1
31.901439917111126,83.93143003328983,6.853683031536057,977.5489521184754,1
20.987795281141636,56.8294085394606,17.668638549582496,1110.6629568763285,1
27.24092481810417,59.45390920980136,7.320992684738511,986.7060162052398,0
25.12592400781795,41.33464081853608,1.4632102120352664,1021.8875053134016,0
25.976760985488315,51.134354976169796,4.417377800256705,1033.0240693253165,0
17.269902161445334,42.30394571946198,16.179058100034695,1019.5532593107924,0
25.245101742589426,56.54107880153154,9.220509110316662,1009.1278269637003,0
29.979982912454496,94.23416960284688,7.258563517546995,953.2353118200377,0
39.511436077950414,32.56197714137287,10.800091129263938,1085.5463774139605,0
34.59270826085207,27.728772042465177,12.508913680837725,1103.3598321818943,0
46.531824575115564,89.42340654987217,15.586994079512303,928.8670652938657,1
17.326524371119504,55.81352645696268,17.24249614946463,961.798570455681,1
33.723206367206785,46.61854522680167,8.20115677105457,999.0094828811497,0
26.833420057383517,80.79809374792153,3.3697615695898078,964.7731102544905,1
46.89802933217672,47.88768920526272,7.93267419438362,1038.2982776727933,0
16.917017146448487,96.52019427093873,11.30140253291443,976.5863898796694,1
16.60278157819224,73.55851742678539,5.181205368946945,1121.2528033903302,0
19.00607354555978,50.24177183708595,5.214245425524785,1072.5274297171798,0
3.761042756901931,103.14616426531006,11.718939407749428,1023.6287015316108,1
19.742449783192388,47.88570153993323,9.756738242147744,1064.3493131659866,0
17.40867338446302,74.84190744018613,10.163984977057932,1068.2950212178655,0
26.503937864762076,65.98585160812983,6.207523326499652,984.8026255970879,0
28.417559757771595,86.03482578797596,8.847996428971163,972.1891377729017,0
43.761708392158866,91.23022393453705,5.378834278658478,1016.9071531484824,1
34.5042383818605,60.64008298131533,14.450992055623933,1056.0818062248973,0
19.23096344337597,44.93164259307633,15.176246673618763,1019.9530199326708,0
16.01585328651642,69.19944285878233,0.7690606888095308,934.1501758904501,0
29.919191715065057,46.44569260495788,5.35244569903795,972.8587778024579,0
11.797667929793578,100.26774495053246,2.5173537245496047,1009.3013568202811,0
43.31458765854354,62.73070662165475,6.749880327965509,1009.2167197837085,0
36.79440120721287,52.69356897375783,9.582810151048196,1111.6271088394903,0
20.308243478952953,63.69360611729817,2.7517739015073497,943.7006028800502,1
7.868654709091221,33.05747420940607,5.390700934373435,1038.2794620917937,1
38.53872374165413,40.56771922978697,4.980213139592509,1087.4556554164144,0
23.85460154747382,84.0082781588885,11.03633664699472,1126.5724872711398,0
37.378163119734616,46.862114420572084,10.346721685181253,992.7801288408019,0
9.055723412056329,39.06178034636121,6.391312233313734,1037.57147263601,0
19.006249770462272,70.73305505054573,10.88410436069699,1041.4880178599324,1
25.052436997181832,83.71408309325994,7.2665995770636735,1022.7740865776645,0
25.469805937647422,74.37906621330133,8.641724448369734,1008.0577399380347,0
20.499345285207564,79.92095371611633,18.367260451492687,1034.7987694750022,0
31.22849932347499,44.864098228610786,16.70230525895174,886.3876957390157,1
14.323795706174057,31.563786665163125,3.502093815362012,1047.1034745031316,0
23.576205149787064,90.02667303910974,14.148662089395872,1019.3088951830983,0
26.20295631711899,53.546403223157284,14.05698277245796,1001.8762551610868,0
30.14438834058749,54.983339670899056,4.2586835562369085,1115.343109785978,0
32.11614878088889,86.56388283698116,14.093888218774303,979.2532990604724,1
13.75357908162131,71.1246001880132,17.689659592062764,992.8462005467485,1
9.658858292643778,69.11775544163216,4.387275968777931,1112.5776651102367,0
37.77676821898509,103.30004689802168,5.412485894928682,971.3969347575072,0
28.323140119795916,47.12963539239714,15.088307334217513,985.4942358531731,0
17.515134634434464,78.55680256162475,11.35747655412824,1005.6487288284575,1
40.51151975522523,61.14026249794169,12.757381376197616,1055.0367241064775,0
26.156746342928585,65.37184557726515,11.702946082002484,1023.3901253676656,0
36.792971840638266,90.56936852825064,11.953479604640721,948.3687326423868,1
25.67518481410109,70.15671512579247,3.367639358444585,986.3915718436406,0
45.60747924881987,70.76592158099265,15.236588533107241,982.6322783393895,1
42.55340842443204,81.45014674619604,15.847949962138868,1009.1389477388477,0
22.510358515209266,52.70094540914229,8.85304627965986,1034.2921829314914,0
34.71570950954355,43.21580665321987,9.782615250930688,1033.9102877943985,0
31.453759495851475,39.10381611957933,2.344462487221387,924.1994122975799,0
38.68631557532348,20.672868212479965,12.571273780089175,1066.1970493780427,0
15.350765394198955,101.12414259880644,12.860287208570721,1025.6284422998312,1
31.86051459998439,37.93583268556634,9.689044915003445,1082.2266023796954,0
35.58424486849588,55.57492752828456,15.621766799352514,1035.2099163645337,0
7.412605135768857,54.463734002221585,8.329613845100297,1068.066147886788,0
13.16741487334225,66.14813395618201,12.823029629468001,1036.3272655725063,0
4.607678222398994,76.31474425078594,4.901678306539422,1080.3112878101374,0
22.305931655554424,77.2094697671949,9.88223924562881,1039.112531800889,0
32.17542255795962,48.33845122862123,9.128228710485821,1008.1042376778548,0
40.023570520960284,56.65756572427177,11.126539610204707,1126.621736022344,0
25.740947804197752,65.65159900976599,8.152365355833208,1057.4518561139946,0
41.286155455712915,55.02617747632906,9.34263702164166,1041.6872210502206,0
11.198985417851086,92.14691152039985,14.13023585720753,949.1847791730833,1
7.966175606448454,69.81949903276502,7.8161788138089126,948.5846191268231,0
24.444523011033812,74.69755572099635,1.9671144963066034,1027.6357741070926,1
28.840654489393074,73.25762537334825,18.747919521027104,1020.2760598884121,1
24.67305251905907,83.4694771497065,16.907270393452432,982.2938717495842,1
4.325578999601234,63.62043117407414,3.538686524471907,1020.049134980603,0
24.108799604872114,34.063361040883066,13.448539026225973,1092.4313464021798,0
11.955304994951469,67.99375903505283,7.485126147243284,1047.7701237275148,1
31.696725488300384,46.97286212416342,11.317436076655298,955.9495745123631,1
28.665982460968483,49.42766636500486,11.471120645067469,1007.4245586428528,0
15.601202136726448,71.72728037510187,8.82796099841839,972.751675957372,1
19.861330826633065,84.76566142867271,6.081171672068018,993.615004179572,0
14.407864781110485,60.425431534721234,6.547294738418703,992.3192167185179,1
24.37320902726828,66.17666025197927,5.419040422593787,989.1177208697998,0
34.551423205012384,94.04429889270476,5.840888958847776,950.2432314013303,1
15.142739536644562,64.81506358977137,9.664108549753223,1006.6172659240905,0
30.040465155178445,112.0336622836079,6.421200054446241,984.9696181576345,1
19.69742381627559,71.31019291263088,13.4102603285631,866.5275654998866,1
17.071271677376558,24.784744816883645,17.436230776679636,1115.6486012250832,0
23.92969640045442,75.06683242209066,7.099733793149785,1067.4384827108336,0
14.64757677580626,67.62316769765556,11.197022502676885,994.1849637537503,0
19.46350694652818,85.79505508165492,12.49842555151467,1013.9409524870299,1
13.021221074111516,73.46362702539918,12.360011354596372,954.4172826341219,1
44.64725132916389,57.23088032032452,10.379776339580436,1097.7861438905434,0
25.352635519717285,35.51403527421269,13.713412091798611,1107.8644347386555,0
18.002744920074147,55.819534854279496,12.411244763403285,1020.8346864123263,0
27.13979910734222,42.989590915814006,3.811687888363511,1064.1765322092672,0
23.876719503091703,48.389531003905546,14.345780321946366,1021.7643389466962,0
22.790304004667775,71.7715680884122,14.43645418633371,946.1637280562035,0
31.141667000434254,93.39809008702812,6.183569479107092,992.4088315518171,1
32.57507710047305,67.89343059645962,10.18968917723801,1019.5963983385979,0
19.694988523894725,36.08233875929631,13.416644964055347,990.2726140628278,0
19.2418175935532,68.89205336440281,8.953430902103193,1002.0673361282483,0
22.24948302848356,83.93262973291303,15.364890238830059,1008.4300221245443,1
1.9807883526441517,47.804341913612355,21.819362473096803,1008.9560751067269,1
9.84808937801448,57.31965666654165,6.0700698368250885,1015.6129245248742,0
38.66874267444524,60.29376389458394,3.0947769842311255,959.9697466801699,0
41.449677135012834,44.3020337383552,11.519092978024378,977.1491925436031,0
22.509639604436217,72.96560867687718,13.607812525630717,948.7707867150016,1
30.765569630557664,57.58103702784437,8.845668130776154,1061.89077748431,0
28.11250154543536,68.39064887814055,17.26630331660517,907.7176529079837,0
55.78880808455238,42.250156443958,3.306971001383756,1070.6795171658464,0
36.195749114345766,51.25083399353179,13.464593115158056,1082.3174698631422,0
23.720824085192334,74.44762715655543,6.970695896205533,997.8909706508689,0
15.444595593995743,52.54333695816466,18.596889531036485,882.843145608635,1
8.935536797424275,94.53927702466811,19.96257676584059,994.9344719016354,1
27.03463635867223,52.00727628770795,6.1667170610832605,1009.790791935559,0
17.436492547156966,64.49369451503772,7.2522143204570995,962.4700890035543,0
10.777462904023258,78.65181663746179,14.29793943489901,987.2390803095878,1
18.534271157574732,31.632685341339368,8.064346751052426,1089.5097599431676,0
14.184519963856047,24.783823760384482,9.772943910338808,1046.246358115087,0
41.871416350725646,29.486873708598104,10.12694210271205,966.771794281095,0
33.816397569494505,85.25168206854364,0.40163421901171836,933.1200415202284,0
24.920273586833826,48.96283708215107,9.930811269528814,996.6491341195115,0
39.79944138890026,111.16398571336505,6.55136112967913,1002.3271610324781,0
25.773683076476182,48.71504802685223,7.53438588800114,1037.809959368166,0
16.387157986717362,63.69102606394074,17.218160017344072,986.234164371617,1
40.23124077269657,90.84219905135751,3.7174655286037184,1038.5749787680932,0
30.389100436846586,100.12185776318246,14.066025933739887,1109.7577020030114,1
14.627538456735437,101.23007153272796,8.605185348340957,1053.7750511222132,1
23.096613219163917,84.16732461186285,8.601199157520828,1010.5955746334614,1
16.243817466152425,80.48125051622925,13.951859480258557,1003.8424764473352,1
11.172002690356637,71.85053898402366,11.700256472844453,995.1663432910065,1
34.26177547531641,75.56722152333276,12.853064986097655,1072.0320456226073,1
44.094166404701305,48.97628567342933,14.840923302664306,981.6343277024349,0
11.014324261808587,43.63602233155385,8.343458084083386,1015.2611354499991,0
30.629692366905708,59.93251085178096,6.938816327461248,1015.5598950940542,0
18.493574308781728,56.59630754950143,4.57424736721101,987.9107903594233,1
20.12874616235304,50.9354390134545,5.872947350105225,944.376722605795,1
19.07606075761131,73.92774894913431,24.745472126543625,1029.1487251808835,0
16.36009230320184,79.10610417141022,16.223397903683935,1009.9498014072308,1
25.48521627944827,61.768137725836944,3.2446281689598933,1038.0120234718286,0
16.69049883588962,89.55060162110523,3.3877102162821493,986.3199846780417,1
27.70456825779839,37.1662177173299,12.409330308592457,1074.0410649406524,0
24.49761890550863,56.12681081440564,12.736323986889834,969.1613109394077,1
22.610519531335903,45.6635535879439,12.744419176586822,1098.6020142008947,0
15.92436337958402,22.6692676585388,8.725221032231511,925.6181745085869,0
19.232286694316674,58.34638628314602,9.3727286999855,1034.7385032278446,0
32.55391225825756,57.56504983233433,11.639397620796787,1036.771534126331,0
30.00917187624381,90.26899486484263,10.429465031466652,973.2221466029558,0
15.224447552014489,72.61623369109554,-1.0965018637376756,1034.2196968930507,1
25.993323054292258,39.5162635134159,8.851001847124031,1076.975933488008,0
32.51387123371789,97.08185132668376,5.742967828698432,902.1590580322968,1
8.305947188786282,84.42067391050706,10.87605709454256,1038.1372403745406,0
30.43360192379935,71.64195406937232,24.92629501301705,888.3364589834961,0
18.373762410541534,55.470318023003365,11.837408327371522,964.7167598238397,0
30.70598668593159,40.81121526553041,8.43235156913801,1094.4583182450472,0
17.36740843457483,52.55586447857894,14.609007509886261,983.9108983303973,0
6.95117899335481,81.77497239408372,12.413439436046064,954.3060017795514,1
8.724575621168373,97.69172611869217,12.100472452259206,1003.1031135507659,1
25.48084946661382,90.86487056544378,13.034252966078355,1116.3953169081776,1
27.597225017214818,50.223011564274515,20.28271782414771,921.4158876396987,0
15.956833748955914,37.607651334219774,4.34555782337042,960.4345044180328,0
31.38592458777374,62.81772493822408,12.368160384057273,1087.8715841589812,0
8.3847993773104,24.631212688742966,5.368094350092308,1105.8851171768865,0
24.339202013526833,66.46335428369562,12.777563231711241,1007.8284387854858,0
12.889838002375436,57.04794827402662,5.4065674425695285,951.0473648736679,1
18.48163892197841,50.67926996263515,7.913165931974578,1117.792175090458,1
25.47398671316414,28.10593865466409,8.524550428810468,1092.72211958746,0
16.395866347160474,70.27200213139433,14.879083596723545,1046.9473493881117,0
21.154444557701748,49.34598320676177,14.592272219712068,972.379882553129,0
35.0629280921444,36.60166328579424,3.771413117768078,1010.5485329580981,0
19.231081304768512,2.5547557343670135,10.274670554999243,1004.9819959477585,0
33.35692112065142,59.44970189898727,6.4521007262541366,1029.5425652307788,0
13.702931453423819,95.44503193339489,3.7074754466233273,1085.5500719065667,0
30.29804177915283,93.2251842909574,8.914914747878148,1056.9708520568702,0
39.415686206579004,50.858074868274564,8.457586057720901,959.1311961507621,1
0.2835549987271069,47.95575879276439,22.13358243172761,1081.8248225009768,1
17.031047445295233,69.37548512150047,12.16479912680348,1028.6566070006577,0
30.7707212718054,40.03229121623417,3.111912496228814,1047.3532897929458,0
22.969546139570074,66.03583799638932,7.176129979145289,1086.3270429639301,0
28.711458733713087,75.32160556769381,15.106916477146992,957.4209875243224,1
18.960148132841795,84.53866447768615,20.442213864349625,1011.2087210646769,0
25.865897874729,57.99691847040094,2.0700834388102085,986.4272724320392,1
23.443227646079205,55.926524996460685,0.6003780743047749,934.6070287317272,1
36.677820616598076,42.44034826486878,19.35482587685891,1030.335498880246,0
27.54420843301213,43.4623929192028,11.94807088685452,1138.577827579221,0
28.37602662075202,55.470422161969466,5.658536340618168,920.9961127747124,0
20.881230338775325,67.34731013632356,12.673145430612177,1011.3859694475265,0
20.123937759275066,78.27169252466499,-3.1787386950843888,1045.0271467537386,0
20.67441812180379,43.9364209863931,10.016877532985806,1019.153910082809,0
28.94452142378297,89.85377137919043,11.639105864215425,1007.343597374213,1
20.79015519179737,54.57752797914863,14.621350697689149,948.0391818277088,0
27.89774856896413,59.57265411303128,4.930520238537311,1024.6393371470083,0
45.75400798645438,45.05576641704353,10.428435807016795,975.1618011492037,0
33.711247034316926,11.515194794541168,5.372876869702063,903.5039147510723,0
21.73976467832159,77.680907927221,11.276918778371586,1072.7296110256866,0
37.01213922163945,74.73687794184866,5.52326838818488,1060.919290992102,0
20.919246269784487,54.37344885763573,7.959495804198897,1015.583048842554,0
4.618754648221461,61.33981434449744,5.020923026048854,1024.453734410285,0
14.919136890825959,70.31878435408198,13.255681209118285,1066.715900635778,0
6.292080789741443,28.749082862269148,14.292255583283326,1024.2169828389042,0
21.484865159586914,49.418946453074106,8.82689715021293,1058.2008777380656,0
25.184183791895517,75.88529359243654,10.191189974800142,998.1258899563074,1
41.76437312275283,34.914211536615014,2.7570429268322796,1078.5991869286972,0
28.269273737641626,65.87115864333259,8.501616759966065,1029.0392862966341,0
22.808994711911357,32.8683639075319,9.748976914791276,1022.7025971802937,0
33.294055811834895,69.32859964867053,23.103965455149876,949.4969455643984,0
2.8886469099211487,59.28717035405033,4.440164871129182,1027.3477927150855,0
27.35614558108566,27.69736368188981,17.32088619376219,971.4022541252774,1
32.70865193886967,83.29478708914343,14.98429386732904,981.0858636735753,1
10.214137542201584,45.30816846403902,11.403182022450682,972.2312185841939,1
36.43754043206929,43.794951259712384,18.793102420975668,959.6882534050387,1
28.38496407494414,64.01138394461886,11.860527363034315,1119.238570150848,0
20.847120860991986,82.9727469885743,11.945795978339644,1079.56695309942,0
31.32781866106285,39.68356362043206,9.734396734912274,1109.0183751072132,0
47.70692857804396,61.233596996959434,16.117844412093138,951.8552490222218,0
26.81866255058495,68.57633000661146,15.482346169054418,1016.5626874955447,0
27.48220586300336,73.86211214526288,6.871613562518938,948.3246187397953,0
20.40639100459756,63.528831105544505,3.4037640270061633,978.2152561401468,1
16.501556305352082,52.65944321833356,8.985096813021714,967.0936508291712,1
33.303358165442454,43.44819558702561,5.999807178011768,1074.979200322078,0
16.439161740911327,61.722877660927495,9.682377126923225,993.188516094912,0
25.715662372193925,38.557219760287865,16.187190673420695,1066.4189666847008,1
20.223425532348834,1.572990330107853,7.71349172456605,1043.2060444794258,0
29.78979825746392,68.73119608315335,9.785883093442125,1128.1819376052395,0
28.336621052869486,78.07869682172391,10.290113674041976,939.0277888430138,0
35.375399442578995,12.741351289163232,14.242154411026423,1075.96166198934,0
19.89983601145253,39.80538590580125,-1.234446669923026,1070.3220435200365,1
22.301250647066286,72.38308522010395,6.966498526173518,964.3310580986482,1
15.212362842176926,101.14990939423397,11.056418461397364,1063.356666823658,1
20.557067399238885,60.415874153508156,16.000394782134308,1029.8072481513113,1
28.77300493044852,45.43994117541732,7.540487762468974,1001.6261870023296,0
32.56988616645352,56.34207117790319,0.6172364697906296,971.8032256514,0
15.778346758223746,87.4975283829637,13.098557229830682,977.0445274275407,1
33.6960592010566,47.080716417509294,6.823188055871853,1115.4906047892964,0
38.55637858804951,44.016159866994926,4.051666704548193,1013.0341409478741,0
29.134349032237008,50.34512955635935,6.8782730514338795,1052.106500076573,0
43.76795812558066,40.93342783482575,9.077373211720753,973.4550309166224,0
17.26210800896427,62.45340631989591,6.976276677308936,974.0073526889181,1
12.55345296688583,92.49356916939121,-1.0278302854953458,1067.0992404624972,0
7.212797510957214,66.46158546232058,14.485330984435661,945.5211894224234,0
39.96044311489183,54.95292995747425,16.374375206393612,992.2393116047364,0
31.543656563540576,54.163774621689114,13.257609956697529,1014.7013705536116,0
24.44415329089545,28.73618382606686,4.311571647875917,1018.5686300920026,0
27.799686263198204,77.66219554294318,8.99254233026241,1004.0453357491922,0
13.745109527016234,58.44325605974396,9.967393423852709,1032.7909890547962,0
49.45751979616826,56.390401728187484,12.993971947809552,1047.6427877908907,0
26.292211819752275,123.86215135689721,13.341702443590403,1049.7318772729666,1
26.093947946048928,65.97505816731372,6.329131006107521,963.7098095666087,0
32.25766623898692,44.964178998096315,10.409977782067802,998.7922451035602,0
29.810092317367133,51.47284807588913,12.286402023076205,1072.738143093847,0
27.238840242791312,82.9689141839351,17.279111610733832,1057.7323593786937,0
17.09525544554688,62.26540821075529,13.522532699123616,944.3570274259469,1
29.714683571359956,31.234440433652665,13.945283436877594,1030.57399501761,0
43.82024496475034,78.38457869150407,10.419133139646805,914.0887375312595,0
38.454200461549775,46.63711828922012,17.05229572601752,1015.3467451030185,0
40.931866266393975,97.46595552435092,12.048813979797487,1107.888350837299,0
19.88784323568815,81.60096131429297,5.6945604491321475,965.6053641365506,1
15.103951797414192,51.053562086824975,17.016849850625952,971.2838477254209,0
23.74213079900352,85.62032723470226,13.489516362695138,1051.201489078643,0
25.557249122886947,61.357110210548065,7.784779894357588,935.8599242395177,0
35.94191518470949,77.0554735024444,7.602535163003783,981.3622485057481,1
8.075353702851807,69.6946563458895,11.482877725703808,1042.8220568790875,0
40.295503194606134,43.07286690018253,12.315923976337922,981.2857076155299,0
23.419921014210107,47.12900335365076,10.986461328156034,1001.2015006394514,0
20.7311893005258,80.59921635162323,11.556543367214426,1050.2092855157516,0
14.878956247398323,53.304493357869184,18.499786872881902,1034.077304176828,1
8.451433281342302,51.927030735160066,15.357715761174429,1026.3409198147701,0
33.231705839619146,40.89754841301294,10.953177956325122,996.0438860364981,0
25.733179671884038,68.47198131186921,14.706552903837418,1031.5030557634477,0
12.100391002589461,101.2504983848629,4.837380482362303,1006.8133659950122,0
12.04921227936384,38.64934171491454,11.989635249734045,1035.8902804962893,1
21.642153007098717,60.48438913345516,19.04653174866555,988.1533987441011,0
41.69021525289393,88.24441110830858,8.90977052303813,1003.8715512810229,1
22.40408648636395,58.4071721750857,5.761830356904576,963.5021103723993,0
9.968570468818939,69.04743592499469,6.739555557034697,1011.2496194996882,0
22.542569359140558,38.75212943706241,4.551834813288059,972.4499568185578,0
22.2727643025233,68.56614194415297,6.076190459361483,957.2976774919003,0
-1.9688664294157165,56.257114699909025,8.147459507049856,1025.9330573927693,0
24.457051334821877,79.71459991359725,2.9721649041067897,1023.636988792883,0
22.69065469791322,83.74772103129501,10.078091669748016,1052.1436867474285,0
31.962063648134183,111.79127284037227,14.511385868933235,991.443721521245,1
43.48956094945345,71.59266346427151,5.461219099265398,1033.4026423418377,1
36.26565029547757,66.51592633164333,17.596419618208845,1040.5398786136832,0
22.311113094451695,63.88768603154672,12.553960442637974,1035.2386903915797,0
13.9347409125833,52.936674143786234,15.152902928120287,971.7173158598929,1
50.733598032498605,66.76967686923382,6.710827230739315,1020.4681741135595,0
25.592184340144883,54.091971797219415,14.272626135333079,1031.207014802733,0
25.139292919129463,63.36921952539229,4.540330498023435,1013.3589233453971,0
24.758749128899968,86.3519507121592,14.451237504182544,908.6761170814458,0
26.98084760767855,39.86914869440718,10.859196698967656,1021.024481198674,0
23.556395880760572,82.79757122258091,12.76625609992392,1123.626551969862,0
19.263379931197637,86.3423013467973,4.122026971875742,994.9980365621509,1
19.531410587596078,57.63862946017843,5.5246507886169764,976.596145107234,1
24.672467297840015,17.56290201982811,12.986141091266925,1031.66742798557,0
19.56575228866235,47.84356025811135,5.258259978878996,1028.6189105233286,0
17.871542173228356,85.93989093122218,12.316031460495616,1072.6367582708208,1
26.06430227691897,59.542638754022356,3.1643109676987713,950.1065922045556,0
22.450227825791448,40.01395535410178,14.24087106333334,1049.5690126287495,0
40.039929885826886,49.90450157543565,3.8373834261574546,1042.5211030625733,0
-1.50969808393012,76.81240053009105,12.761499688397617,1005.8926731529727,1
35.91506851922462,70.93467136402758,13.128154668230005,1029.9343658960845,0
37.46085192497629,55.22135801660611,6.516140907852125,1064.4728740799178,0
4.266097675918505,52.663511763706246,12.910132835423635,1056.6157690014224,1
21.573124059196513,52.16483701912356,11.30221131666778,955.8490343963135,0
21.285591340042085,41.55179631002995,7.305790719036309,1054.0079093377742,0
10.924883052821787,92.30751378938884,4.957226579618959,1009.7655697483741,1
17.221833124091248,53.5535906157732,0.18687154163710473,1016.6437049007757,1
13.894241545341712,84.34317041650993,11.748250236498468,1016.6598495500847,1
42.522704434236225,90.42632103844903,2.175986143189724,1005.487850560087,0
34.35678393147461,79.9662179629592,10.476720997206542,1072.5853748553532,0
37.71555094994159,51.367593745639034,8.682758919588755,1008.8141020075394,0
32.21672064043235,68.07460180673219,13.395713877190977,957.0226935808415,0
13.70948228782771,59.51608787218168,8.489772502550679,993.3235072015135,1
19.754797337202262,41.92596278539744,8.352761068264543,1021.9347358405238,1
29.89374561227918,66.48718563443207,13.659353521441476,1074.4607392148525,0
12.778721911080545,36.41920417680395,11.675290145420588,1043.1547342474416,0
32.12998430172388,83.75358776923127,11.580779785913892,970.4732360626479,1
22.596746018418653,50.70765405403214,12.346337949042631,1137.2594958339446,0
21.251791924504026,64.02319311745678,2.322139383964471,1026.238765548899,0
32.10959968203492,65.66575743092284,13.783943399934909,1076.7695368999507,0
29.4426331148604,54.82190052591845,13.062343970068012,1005.4142783211386,0
21.3903383418092,71.7338760295055,4.916584357117514,1039.6679622352724,1
36.59329803364248,50.501926867549514,8.779597631628993,1054.9734252259202,0
14.189366724001026,77.42594594914489,9.803463561861845,1073.9097355877127,1
31.159356069442637,33.080406395065026,9.327516077991337,1065.8684152689113,0
30.931012579683838,62.52759159092824,11.669299832842674,1056.609850003649,0
21.904535606860097,98.77857998116569,17.156833909155917,997.2456634402946,1
28.26133022242118,39.993373507888506,15.408833638364143,984.4126979021969,0
12.488864236146968,46.44510058950297,3.4389040328429687,1029.6303755162098,1
34.24027019206901,70.2781569931783,13.110349951530244,1059.6564036170535,0
23.15097863557011,63.591635638791956,16.64466659767705,1001.8639649611697,0
19.772769794809605,67.01260198547118,11.934042603446013,1066.2585982857192,0
35.49009225836889,69.78374260295327,15.454902125929834,1085.630837274309,0
17.956563094572406,72.6944293712354,20.061352228503825,967.1839540463291,1
10.915387036364404,82.19399683912447,15.118547730534907,971.153964810186,1
9.433708264760963,68.19637313857025,11.246542978208645,1005.9812470547332,0
31.060099513456397,55.17484690762915,15.225442370423767,1028.3806334094597,0
12.19570647503717,73.45147402405462,10.724439165484457,986.7716493116475,0
42.54794181984364,97.99763869790429,10.119515216424777,1080.6101339433571,0
4.1807059211627795,57.34732507234853,8.242928821431336,1034.2033430759225,0
41.96456368290038,40.50941390658717,17.817066794160542,1014.972352412037,0
27.110174672026183,82.14161338573946,5.907856670289993,941.2045238065737,1
24.032868881296075,57.59237672092804,17.66183862339058,947.2092091786246,0
19.550809131910505,16.546609079719275,12.499320618701857,1027.0504625140902,0
28.991361143520706,76.94843354300843,3.0034691259902937,906.3702186922582,0
24.623652975751515,49.29343628092155,11.838246464957107,1063.6318704822036,0
36.03301882016522,58.189334353916784,-0.5001325382581201,1005.092307781384,0
26.142276486620396,66.6396066113803,13.127540084155179,1175.1546484797366,0
26.503017614618777,63.80999359558133,14.426157414944955,1128.3958125308054,0
21.36387787786144,74.1890363427808,7.038220221739732,1003.9275465376242,0
24.430543762789327,51.29027258860313,10.61773847977791,1007.6831498734342,0
28.078017688920593,70.26211596352165,19.770787168751433,1062.7790757001014,1
7.8983160734337465,54.80906644832166,7.471266478690317,1098.158630495902,1
11.51814577894287,74.77620961775006,4.705462064716998,931.0985471281991,1
32.43264094022715,72.30734968026107,17.408317012312995,923.6812267322657,1
26.70865438127942,41.2912259591081,19.812935952653973,981.898259722281,0
23.16016663647321,81.71964232350064,10.018478359239237,1042.1368791586933,1
25.18433933065393,49.28073109771904,15.057315177041781,1037.84367952538,1
28.475817053616712,76.1611559656229,16.707379577654404,1066.4885727491926,0
19.602403196906383,67.34574626802682,6.28757883730808,953.0151235817345,0
17.216952745976872,96.76367353590244,7.573470823160658,897.1928068515562,1
26.958452550976816,55.53068035256296,16.154372565773674,1055.9007097651072,0
15.21627222384968,53.01366407763605,18.425071393542545,971.5901863517382,0
29.08252755714472,59.61160788224535,12.814404300871773,912.0756067805681,0
7.974163957621596,53.9364043433145,5.6009282324897285,1020.2531872979691,0
35.291556373256434,75.998838038841,19.935305558497205,1052.6587844109338,0
29.72597482413043,27.673787831268243,7.345145510940178,1006.8971433939362,0
27.560297343138757,38.92635161707291,8.324311094142741,990.1075806908756,0
34.82690983945514,38.64394156841614,11.711689172448107,1005.0318883927047,0
41.65474444462576,79.00615183947151,17.77080210357387,994.4708618799608,1
35.1437006501813,94.21226745163851,14.269879882761119,945.5976444029916,0
6.591257686683547,57.91101562925057,12.074327501809552,977.2659661504784,1
12.204230332642984,56.623565536199784,12.316442650590531,1039.0639952506908,0
18.751814223043212,61.40104326226363,10.21757334321733,1029.083927068825,0
25.260910502108338,83.2375660521638,12.790697572592531,1021.402990298341,0
30.17659020469123,41.45293731618852,-2.647800388471515,963.242575907331,0
17.742561868465344,64.7673796546957,8.516962704651009,1003.9248418932167,0
26.867667644770783,79.50395259564858,11.206609674583905,904.1467476778573,0
17.446170676466775,70.0218833987969,4.244929581902465,1021.9238331942695,0
18.884821970080516,63.79163233197487,11.9316165890578,1084.4428853906784,1
10.933389031517777,80.02092185134282,8.977643895069392,939.2933933978948,1
15.767667538890958,5.9353541400152565,18.77737849157745,983.7036163341122,0
11.483153943836664,73.55750639061816,17.865098626074285,1029.4553389355065,0
15.241267470226672,46.918486337451526,7.670972154409186,1075.6421317213742,0
35.536417966078396,23.38734206287086,9.245811442166524,990.5887691849925,0
15.50601111168057,70.22405199049962,9.630262171958037,978.3874835367052,1
51.32382064837391,87.47317090325916,7.741702619201886,914.5538428791958,1
29.933179008808892,57.251029707446165,10.975124920140633,1018.1719064654053,0
26.84836123694874,79.05749094405877,6.208589655562049,1115.1038020071871,0
16.416422198187867,92.24556515977291,4.3469233253123685,1026.8679230982339,1
32.00309879408991,86.29828907168094,13.113556119501343,1011.8860510408143,0
19.24362173762226,92.79929058742786,13.147647921109055,1029.1041155383493,1
26.220098146453616,74.84254982143784,5.978421201700038,1012.4453998025699,0
50.60084538268795,61.50867277803186,14.476777153812998,972.3492813869935,1
24.0394010027535,27.960683762056632,6.842111354173343,1054.1639957838852,0
36.49273326285676,55.07875023740103,11.265826190189905,1024.2880761555878,0
17.968235748741126,43.135068093676175,14.101720063062281,1013.8806625966829,0
24.650115095030383,103.41885434995628,9.831937176481436,964.2316986360875,0
42.7080063563551,56.482283751353265,12.273704560705673,1078.175396596738,0
18.730329422122328,62.464096135689715,7.417851780562142,1046.2351372666556,0
43.12448557996929,71.02970752080935,9.017667082859514,985.353958131635,1
32.07751935455475,60.87204892744907,8.970702845598298,1063.0912426840969,0
19.375332241057322,93.90102080861506,6.267108267298806,988.1214580807397,1
31.324077390555207,47.54701276531096,9.116129184421089,973.8998253744481,1
34.7255444962673,63.89214910474485,2.2569085056812668,975.0148441259856,0
31.218099622171962,45.15058828603904,7.544231264289476,924.4465723455954,0
9.297752801095436,33.599549775585885,8.575622533151646,1036.5771190209102,0
17.728628241751313,47.76461818189429,8.719101237523098,921.4427560830825,0
22.524813644484954,59.25926405903176,8.792512770646105,951.5778084367118,0
24.255665708999537,51.4139555096548,9.691179000699355,909.2205995460733,0
31.20672097550678,46.15158040252288,12.39720759043032,1008.6965153604554,0
26.77701000933254,31.873650726563323,14.372585370662613,1005.4839769864064,0
11.646556412898988,58.337888547426104,6.751173865758664,996.6651893406818,1
28.801978510059634,29.905592519379955,3.983995723054278,960.8711152664712,0
31.105857452838233,75.20111927379205,4.789777938784486,954.388312328168,0
30.597904479310397,61.64879505869006,7.563985394025364,1036.2184931773288,0
35.807807255546216,30.84897001070139,8.240393410917454,985.4724034145756,0
33.33922154548904,53.81581845900273,6.150019669012713,1028.8179160768073,0
29.591800792284367,44.95687188818834,3.5194166787505274,968.7375656937888,0
24.29834288541353,66.3834902083836,7.719395862629059,1022.0531371385541,0
8.39039066484009,86.80900892046289,10.907133100569856,1078.1639018658032,1
29.296182191325858,22.49655060708511,12.975147329177824,1042.3082900196391,0
27.07687687163111,62.30052158294834,7.212884734458394,992.379309089176,0
27.715788371953735,56.797344088667195,7.93501088928283,1025.8599485177963,0
12.232514241796903,73.42680152900931,5.366508455763446,1000.9667412734893,0
14.189434595917376,64.26393256475379,9.842804148126119,1013.3940092347364,0
35.53152853332904,44.960613365223615,5.757856829045927,996.7194473925748,0
24.60444846143345,53.618921286667636,12.865639066206,1004.7832397057305,0
31.815006973726245,44.07948286393022,1.0706675403294441,1023.6046676537088,0
25.283183761304592,81.52014277197196,8.20185163773769,963.3320650209025,1
25.297561394957434,60.42623297343884,11.505536695958709,962.2060586505011,0
34.382838059759976,98.02381371506014,10.919172581612521,943.5728723084394,0
19.839552717826262,58.786783723707586,23.46516831990248,932.9864447748145,0
25.961207769409835,45.831864661790746,11.749000122839536,952.1358653889761,0
20.377247112949572,29.725712147743458,4.979727015789951,1020.9731253402065,0
20.655037725676845,23.937206474881098,9.522678764554636,968.3606242254058,1
21.908278765313607,28.317281139890206,1.11876833266774,1038.6807232115548,0
27.22133771633713,65.34253302022967,9.597001253516195,1014.7356874376281,0
20.212513783365228,70.17450046459868,5.834719714996207,914.5747893280973,1
37.55756125573521,28.376185959357333,14.576951377800809,1045.7487792110844,0
16.05392697780496,77.90076628152231,7.252298627022325,1053.5399322795854,1
23.13128355838641,50.33877896633121,9.416170421023766,963.3068662582573,0
20.60268941725825,62.93586023971099,6.822210792977983,1034.0095771447495,0
39.46977884353733,92.24441256510849,18.694256759266658,970.1750881295401,1
26.965547765115748,77.93678631731063,8.393786169410442,1017.8835188374168,0
35.31844539468635,54.629387041883355,19.16278521739601,949.7750796522517,1
10.144396269630281,42.17615549169425,14.070758810591332,923.3446773732711,1
27.670502658692588,16.9636919734139,12.410333636676931,993.8591405193515,1
33.896307956234374,45.616933615151595,11.8436657365876,1006.8135526862582,0
25.822839892754242,55.77739522344611,11.968986491081258,993.1160153192698,1
35.654803750653514,40.25640945697633,0.3616371032719501,953.798472088872,0
19.827115498996278,57.37486065815391,8.605583029246217,993.0050468934431,0
39.0934744018558,61.53703765917536,14.225789855921608,1026.4647376290368,0
47.9889812361925,55.50288036383843,9.755514082629473,1010.7553484938732,0
21.37161439560341,46.99994838353081,2.974050765982125,1022.1250515299606,0
20.54497478599228,63.37309343933455,9.737977747112653,979.4942399772883,1
39.53384477117701,68.83881299138818,18.520527581277456,1071.585895735808,0
40.795721457307124,38.19201845114308,16.234458577673596,954.191333172261,1
19.771399728467316,88.2186475949254,9.689979953169841,1037.378014854336,1
20.798131829041424,58.02823735431477,14.757246385290433,1072.0945546479982,0
22.182153911394927,60.37699245889695,8.167464898159741,1037.0454046374448,0
11.55549488965723,74.16428846513115,1.4806420658664055,1002.8737886467585,0
15.813480535158018,64.66432262527003,5.377670059352228,986.5851476668511,0
14.958592332479322,79.06273267826491,17.81444384254099,1064.8043825523127,1
17.322024348958717,65.74248330403648,8.630034590853478,941.8512537369163,1
24.65315112613219,47.75125250719124,8.78308010312491,964.4937869810178,0
27.342147325365204,67.23007050412204,8.500809018625597,993.1221117254139,1
40.50500492814077,37.125475853586764,19.520682947865033,1074.8826878756,0
15.01645959261209,62.17119411553046,18.129794576810315,1031.9883818020448,0
34.843223984765835,59.335400187110785,21.09390116724067,964.5977120744877,0
22.86011155774491,55.83766285454921,9.204773947999744,997.4846147307549,1
24.50536290347567,57.429249771221386,11.478122443735476,982.2838427951853,1
31.748194921666034,22.363019090047217,2.4167872528960443,977.5105503883233,0
13.772779784377015,49.02550184518077,17.384672130591373,1061.944477927839,0
28.824097461840505,61.85689802282229,4.161102243660325,944.4128435368248,0
26.66452208213056,63.19712783994801,11.083877818813146,1093.4390427867186,0
29.92451264008149,39.44649718148084,4.51348736183578,1054.411484509231,0
27.891686439078182,85.314156817294,7.055665866306519,1067.543083530185,0
49.55300139910894,42.676503035709985,5.813687844751499,989.853024398737,0
18.62260015748684,79.38914401053474,6.96062369662091,1005.5029640460446,0
19.690030449981823,68.5438872374337,7.304386484255107,941.3424092737644,1
18.768594735752355,47.07545380312394,7.258656025374615,986.7668796466598,0
19.445228808397452,95.50621785219023,14.166669558901535,1037.6827423821576,1
18.626128726934823,36.1272633648704,4.475686034687399,1077.8031530890698,0
36.89016531107552,78.38308347220003,11.102707135069334,957.6421591598775,0
39.20504247989855,80.01164636085957,16.089795761527792,994.7247031507367,1
19.292537062505236,46.5875958184671,7.43401817743302,1005.4350389883739,0
16.676444268957713,87.84930600128658,6.410405546261991,943.2105398903758,1
29.71415556386404,54.99906970802095,8.847376874098746,1042.56746208792,0
19.477769557190285,65.77387258559715,15.898626041803551,976.8004834128695,1
31.329318177555113,65.20643677542441,10.970538154766789,1003.2304824411488,0
27.029230208512995,57.31382517058904,7.343928526962008,990.4025314044061,0
9.84255885002768,76.21616546319564,12.419383255940199,973.5330747140163,0
40.47505201330062,75.86977441104426,4.488539250817883,1012.6477507259723,0
42.958776730955215,25.029360535236385,13.40679755221474,1002.2195210715989,0
18.87211309515614,86.08680485756305,12.043036538508836,994.4071058860667,1
21.12298440064016,26.750160239286515,8.46095764430558,976.5769189159829,0
27.85865390724905,80.65092408683314,5.807071007763844,1028.9762335391479,0
28.344567899870253,82.53410273655166,5.566595388582713,1095.6808634246142,0
31.585442726728303,38.18067139569604,12.674086681729552,1019.9943616419564,0
45.102045387663495,51.7837142409083,16.14490251244531,1062.8059107455565,0
23.230527725059506,37.88590663028128,6.813461264856025,943.4889037423269,0
17.017027554615463,55.70157939422529,12.291933517757423,1020.8880719646885,1
11.206807719854728,53.839314316285176,-0.4351350930103437,958.1315840514467,1
17.69069960058081,75.59321064538679,7.076911346714002,939.1537536234049,1
24.668730271262028,86.20617492239218,9.84470533564549,976.0314296270482,1
42.945578635177874,87.91367621579913,5.451582915090832,1072.5949667206787,0
19.823887009638284,48.75663946843396,5.317468126052021,1060.5007914334824,0
27.237879516388986,55.81556252510944,6.66110221765557,1025.1502361027199,0
24.83577103927248,26.331236155581,11.460963641631865,936.3649720055034,0
36.88393273448084,43.88259867007623,9.063354907968126,1003.1859674306031,0
50.26932425873622,79.29703266194915,-1.1911561666248605,1028.0850004450867,1
19.691312270796793,92.31165647096464,-0.6035007631753309,1021.7768114789299,1
20.10560557481778,35.31302256240156,6.965674110714124,920.8103208259627,0
35.44160877069072,48.15071481694211,12.28843293026776,968.4841075990064,0
31.818914896263113,59.47188486082146,-3.7375242136261733,1009.7961117925641,0
43.46707325736033,65.60322317639212,7.501349119241847,1039.8145454758594,0
30.83928185325964,43.807929601567075,7.368760717412894,903.1936089450027,1
21.407079092129404,68.4812208892818,16.94168889104224,1004.8938012260071,1
30.906548306923092,50.523213058581675,8.074890941435681,1020.1524384939477,0
36.087035805829075,59.71095458243442,11.914944923704642,1055.4805994258106,0
33.204821811973645,70.925684960074,10.706285700437316,1047.6428792118718,0
30.072740311072977,60.12844539621876,-0.652832399036003,1042.1285659404402,0
35.66674689589154,51.272282189468626,13.841036083158686,973.0029746649033,0
36.692955904456724,57.807803921483384,11.076982527281439,917.5998931438346,1
38.82158991037527,58.232740815893294,12.541343198372948,993.34736214693,1
31.487098875896425,52.59977940235744,29.631188532181632,1063.081591260428,0
23.328819196831457,54.82407874665795,-0.42056469749294223,1082.6727263762216,0
26.467136864333227,91.97294341009435,18.62348324880554,1048.5274551148893,1
37.06508966508357,71.21838895882478,8.562762402998223,1034.4670411400866,1
16.83064329012764,54.090393639416796,11.436644522015046,1031.9819824192982,0
28.68673308872901,73.93908809021471,9.77243877349379,985.194062661961,0
21.066611876726395,53.3236102048798,7.878818333009782,1006.496985322319,0
25.287448229348175,83.46249275173282,7.150835358806208,1096.4534762913165,0
37.78451862607299,67.39284384396188,11.647543677865045,965.8720997104061,1
26.910990680199035,57.85395711991542,2.4141315166416044,1093.7389395354926,0
25.464365481561487,68.95433851620555,13.752895837608827,996.898592275397,0
11.401438590200808,28.582476958630014,7.91902797557373,1079.2716054547539,0
32.46253566027221,37.4646506218039,4.3496533047982116,942.6592495251231,0
31.454841811410756,36.121499872018894,7.749935710020932,1042.2952100582324,0
46.6325472330546,62.85886189527414,16.285746084312866,976.1614932026189,0
21.922217650469996,94.65029998970184,7.323324564918884,942.2366404037906,0
27.191503276639388,104.62600292385264,11.792268091048102,1023.9267021205472,0
27.49383683710755,72.76102202881515,6.345218621422633,1063.4735894297985,0
40.77453279763474,70.01688949888914,13.789609249618097,970.7529280703252,1
24.04704467613048,23.978845316945222,13.427538693951021,938.04920197708,0
27.79021525770339,49.14652400531956,19.243044166482058,1008.4077617832522,1
31.07896509716539,44.24432496183522,9.122180272503922,1008.628233561141,0
26.86609123156358,47.58304803497768,13.343274023789533,1040.4159813777248,0
20.535663854494718,56.63712362830421,10.490337697694724,1060.4797285682243,0
26.940899928983075,50.55818844605746,16.47935890931507,1010.0292409363753,0
35.73631749859772,20.414003792484245,6.405838061956349,1105.7751657397132,0
14.734847005889398,74.95820512235068,13.725026564386406,1024.2117372267646,0
26.32969674146876,38.54513948520387,9.026513519416591,995.6786746996551,0
17.998791850608267,64.78493728222298,9.67905911445751,932.4216320448586,1
36.950466289248425,101.48165339499947,10.458762422241865,999.8670239841916,1
9.768130952162252,41.61230816827153,11.261201982133388,996.1806527294432,1
19.410781527284115,9.394249545073405,9.418854784390211,1061.0152398140735,0
28.77211875064521,54.27991556239778,11.07356591585263,1036.1241812033427,0
40.65524029234341,82.01919269997143,17.890590287810923,954.0315439183692,1
24.34249738927012,99.16694908441188,14.927248428076092,1021.6127193205518,0
19.448004733068018,35.40900811095166,14.345772962484483,1046.5765585864526,1
43.8115706944059,69.93398446473043,7.722302369880646,1089.4015679693916,0
10.51986099583756,50.693790864398935,5.553795858858377,1057.375198370703,0
3.0119404337991806,57.88103291391729,14.776502791188765,1051.0423327155738,1
29.400144500533322,112.8868669403407,14.38023396264897,1016.0042997307581,0
19.979457756473888,29.940593432096936,17.36335337875491,1032.4156002711725,0
14.787671828692869,65.07479322989147,6.980096870153853,1075.475245035308,0
32.08356447299353,69.35386343530867,8.852256723198265,946.3611301260175,0
27.43800713771199,81.71572649878695,1.8025791873728292,995.5280336391522,0
19.359213692632718,61.95966306941791,8.037644469695636,974.3715625621879,1
12.196956013291055,66.16101079008205,14.982852552897237,1031.9576559363063,1
33.724573282801444,52.16702865156418,7.66752310385901,1074.5111087825394,0
31.50201177958661,65.38253882490214,13.202398976004119,983.1512856639463,0
24.00824136220617,53.13615449005179,9.047484470010943,893.484781626528,1
43.466369960476655,72.43143779712102,11.620285141107804,992.3889627487765,1
14.299152336738475,52.60779327912732,4.261543050921663,1058.6736866008703,0
9.74474829075261,67.54200787804373,10.426047248169505,1039.881495147494,0
18.080919301187556,59.414743726300436,-4.955679854503616,1034.4093123905288,0
24.544139836445023,82.52100501544336,9.065519209190075,999.0003349062761,1
27.433394493226917,58.97212552823027,1.8476337814242993,949.0484631890107,1
22.587639421436702,24.53935063586237,16.02997258273408,1038.7647160812235,1
28.52055396514297,85.23843001427983,13.887036763822556,971.2859094982688,1
12.484605758095558,41.885353982747624,12.333354909830405,1122.2048366690228,0
39.437646040732595,46.924673227023604,17.6050311357969,1041.5253604177258,0
24.17848821607431,48.086774119130155,5.2554173958758135,983.9675848723025,1
36.17295831588128,87.48876186341634,18.736815989577792,982.4307376305686,1
28.427253463777042,17.28651572042608,14.660957821301924,1008.3527896693206,0
29.56753219153784,122.75497067319989,8.81722356390527,1001.0249038989125,0
30.697672802322035,81.12113618132103,15.67810073591472,1068.8416887764977,1
29.477085600173147,64.4647782825832,4.468532437941829,1022.3208084872023,0
31.42722759867544,58.902119987674276,5.877429192361633,976.4184130545736,1
38.29152530132431,65.71108149715315,6.957051383801498,1107.522034257789,0
26.965211697014702,70.42244856758677,7.355111459679923,1015.4654165760111,0
32.09003757588512,72.90431171900114,4.717211786198736,1051.4419837984449,0
24.102643057127732,71.11208932006897,16.115415335476627,982.5886746277621,1
39.40117215449473,61.79161362510498,8.705727998150842,1031.1557813872262,0
18.236076979407304,56.053231593853475,11.762524841784398,1028.5554995571597,0
43.00940432910816,56.97453432692976,7.148243167931597,918.5175353951923,1
24.598420493556567,56.10183439294638,0.8969834972574142,1113.763755523032,0
10.692248978819519,82.67540193734129,11.35028679195711,1077.5322230461275,0
26.281044149107892,71.87113444561724,0.43872512290111576,993.1402341927006,1
18.18948342525119,1.1922273067143951,9.656829769572656,957.8865129772072,0
33.406435489887244,73.11801553059522,3.1584248058359474,1030.3780806901775,1
18.47376020697609,63.894723894375495,19.93637999615404,1017.3348849707198,1
20.5381656678522,59.62582487108205,14.556813610873608,1030.7834474281615,0
6.10459269054469,52.229630938222286,10.528768956357402,1022.5788698097044,0
20.476936807509233,82.48225439972028,16.318533388273345,1038.3120494652962,1
0.7612067337104333,78.95052924245715,5.768420112671321,1085.3652849695902,1
9.160971765142767,44.54244664352782,12.717396893350465,1041.4051602564323,0
32.604146561442974,68.1410457424907,10.999052168593568,960.5172250545029,1
32.85800158650832,40.56686530917428,11.32010040666835,1081.1281426356227,0
29.254575617849646,32.407636704221396,16.36176750053384,1095.0307281744144,0
15.33023856870787,47.4656555082007,13.662460513899012,1170.6028367256042,1
24.5228864385802,77.24786944765518,11.443618314125116,956.82529833802,1
24.963974609094315,79.06250090752174,1.7255628188585193,1025.1441006575137,0
13.416353108074578,70.26170840194585,5.199768523602682,908.8950648405506,1
40.0339830176715,74.50191573695994,9.386455332021379,1040.6574578189604,1
33.77362290575672,70.32356574229917,10.466861871383257,985.5899850916613,0
22.79035826170336,47.17036809554096,4.34898137663038,1109.1722897412476,0
25.268858389945308,68.63845089347882,22.058383377892106,974.269251499071,0
27.083828079475524,76.00819050455365,17.581970276267864,928.5408481016369,1
4.582651315757094,75.08582659627149,13.010591601962417,989.436812964874,1
22.528226174794032,83.77826742949286,10.360184306418725,914.2256114391431,1
18.180157520022014,74.16607694402127,8.93895515049424,1050.5549727253656,1
14.983799901050844,67.02896415083165,5.240407699888822,909.745847687184,0
22.188997071140452,81.40300476632855,10.387402592594313,1014.4228790591579,0
42.976865268495224,59.469574815018795,11.288762700713754,909.1094090071902,0
31.4084286126701,42.36250697544564,3.7911971225918784,996.9851097731679,0
19.28821010217203,56.738660721124724,11.670882086224488,1095.1689077902267,1
30.725827813561587,45.10194710387102,9.223704755876255,1031.0323945717898,0
